{
  "simulation_type": "var",
  "num_simulations": 10000,
  "time_horizon_years": 1,
  "statistics": {
    "mean": 2385.0340896505477,
    "median": 1471.8006143892417,
    "std": 30110.77378146796,
    "min": -101302.65672648628,
    "max": 142755.71104870015,
    "skewness": 0.10564192339081994,
    "kurtosis": -0.03993264533382268,
    "var_95": -46237.8195505041,
    "var_99": -65023.28281215341
  },
  "percentiles": {
    "p5": -46237.8195505041,
    "p10": -35767.25925589403,
    "p25": -18155.789011981076,
    "p50": 1471.8006143892417,
    "p75": 22438.599387867318,
    "p90": 42045.313503653066,
    "p95": 53094.289378485904
  },
  "custom_metrics": {
    "portfolio_value": 1000000,
    "holding_period_days": 10,
    "simulation_method": "parametric",
    "mean_pnl": 2385.0340896505477,
    "median_pnl": 1471.8006143892417,
    "std_pnl": 30110.77378146796,
    "min_pnl": -101302.65672648628,
    "max_pnl": 142755.71104870015,
    "var_95": 46237.819550504086,
    "var_95_pct": 0.046237819550504086,
    "cvar_95": 57679.123571067066,
    "cvar_95_pct": 0.05767912357106707,
    "var_99": 65023.282812153404,
    "var_99_pct": 0.0650232828121534,
    "cvar_99": 74119.85550972456,
    "cvar_99_pct": 0.07411985550972455,
    "probability_of_loss": 0.4796,
    "probability_of_gain": 0.5204,
    "average_loss": -22643.11423034549,
    "worst_loss": -101302.65672648628,
    "average_gain": 25450.944801161117,
    "best_gain": 142755.71104870015
  }
}